Emp_#_,Name,Reasons_for_Unallocation,Skill_set_,Days_Unallocated,Child_IOU_Name,Grade,Years_of_Exp.,Mapped_Designation,Days_in_current_subcategory,Parent_IOU_Name,Depute_Branch,Base_Branch,Location_Country,Visa_Status,Last_Project_Customer,Person_Type,Aspirational_Role,Department,Available_Date,Leave_Type,Contact_Number
1000239,Ms. Srinidhi Srinivas Bhat,Available,"Java,spring",5,IS-BFSI-UK 1.3-Group3,C2,4.72,ITA(I.T. Analyst),13,IS-BFSI-UK 1-Parent,TCS - Bangalore,TCS - Bangalore,India,,FTSE INTERNATIONAL LIMITED,Employee, ,CC,2020-04-15,Maternity Leave,9481972211
1000335,Ms. Shalini R,Available,Manual Testing,73,Others1.0,C2,4.75,ITA(I.T. Analyst),73,Others1-Parent,TCS - Bangalore,TCS - Bangalore,India,,NATIONAL WESTMINSTER BANK plc,Employee, ,CC,2020-02-15,,
1000360,Ms. Chaya K,Available," Quality Assurance(Functional Testing)- Unix,SQL,Java,Selenium Automation",29,IS-Retail US South and West-1.1,C2,4.72,ITA(I.T. Analyst),23,IS-Retail US South and West-Parent,TCS - Bangalore,TCS - Bangalore,India,,"Michaels Stores, Inc",Employee, ,CC,2020-03-31,,7406581636
1001329,Mr. Chandrashekhar Baligar,Available,SAP HANA,29,Enterprise Application Services - SAP,C2,4.37,ITA(I.T. Analyst),28,Enterprise Application Services (IOU),TCS - Bangalore,TCS - Bangalore,India,,SAP SE,Employee, ,CC,2020-03-31,,7204140597
1002432,Mr. Satish K,Available,Reliability Engineer,7,EIS1.0,C2,7.67,ITA(I.T. Analyst),6,EIS1-Parent,TCS - Bangalore,TCS - Bangalore,India,,Rolls-Royce plc,Employee, ,CC,2020-04-22,,9743025301
1002739,Ms. Aruna T,Available,Foundation : JavaScript,28,IS-BFSI-Europe NW 1.2-Group2,C2,4.45,ITA(I.T. Analyst),7,IS-BFSI-Europe NW-Parent,TCS - Bangalore,TCS - Bangalore,India,,ING Bank,Employee, ,CC,2020-04-01,,9113634204
1005297,Ms. Anagha Sivaraman,Available,Manual testing,75,Others1.0,C2,4.41,ITA(I.T. Analyst),74,Others1-Parent,TCS - Bangalore,TCS - Bangalore,India,,Bank of Baroda,Employee, ,CC,2020-02-14,,9539729284
1005559,Mr. Nabirasool S,Available,"SAP BW/BI, native hana",89,Enterprise Application Services - SAP,C2,9.57,ITA(I.T. Analyst),88,Enterprise Application Services (IOU),TCS - Bangalore,TCS - Bangalore,India,,Johnson & Johnson Services Inc,Employee, ,CC,2020-01-31,,9986787864
1013721,Mr. Sachin Bhaskaran,Available,"Windows Vmware, SCCM, Patching",29,Others1.0,C2,5.33,ITA(I.T. Analyst),28,Others1-Parent,TCS - Bangalore,TCS - Bangalore,India,,LSEG BUSINESS SERVICES LIMITED,Employee, ,CC,2020-03-31,,9739120675
1015490,Ms. Kripa .,Available,"Global Helpdesk , PMO",11,IS-BFSI-US West 1.2-Group2,C2,5.25,ITA(I.T. Analyst),10,IS-BFSI-US West-Parent,TCS - Bangalore,TCS - Bangalore,India,,U.S. Bank National Association,Employee, ,CC,2020-04-18,,919164696498
1017512,Mr. Vinod Venkatesh,Available,Git,28,IS-BFSI-Europe NW 1.3-Group3,C2,8.51,ITA(I.T. Analyst),12,IS-BFSI-Europe NW-Parent,TCS - Bangalore,TCS - Bangalore,India,,DNB BANK ASA,Employee, ,CC,2020-04-01,,9845240256
1020081,Ms. Narmada Kantipudi,Available,mainframes,21,Others1.0,C2,4.35,ITA(I.T. Analyst),20,Others1-Parent,TCS - Bangalore,TCS - Bangalore,India,,"AVIS BUDGET CAR RENTAL, LLC.",Employee, ,CC,2020-04-08,,8879907129
1020956,Mr. Ashish Jena,Available,Deep Learning ,28,IS-BFSI-Europe NW 1.5-Group5,C2,8.69,BAP(Business Analyst),27,IS-BFSI-Europe NW-Parent,TCS - Bangalore,TCS - Bangalore,India,,Nordea Bank Abp,Employee, ,CC,2020-04-01,Earned Leave,9167169716
1027002,Mr. Pavankumar Sasangera,Available,NOSQL,134,Enterprise Application Services - Primary,C2,8.42,ITA(I.T. Analyst),12,Enterprise Application Services (IOU),TCS - Bangalore,TCS - Bangalore,India,,"J. P. Morgan Chase Bank, National Association",Employee, ,CC,2019-12-15,,
1027185,Ms. Induja K,Available,JSP / Servlet / JSTL,28,EIA - IT Operations (IOU),C2,5.12,ITA(I.T. Analyst),20,Enterprise Intelligent Automation (IOU),TCS - Bangalore,TCS - Bangalore,India,,Seadrill Management Limited,Employee, ,CC,2020-03-31,,9747643940
1029669,Ms. Vani G V,Available,core java,28,Others1.0,C2,5.08,ITA(I.T. Analyst),28,Others1-Parent,TCS - Bangalore,TCS - Bangalore,India,,British Telecommunications plc.,Employee, ,CC,2020-03-31,,9743482474
1033420,Mr. Vinaya Basavaraja,Available,"DevOps CI/CD – git, Docker, Kubernetes, Jira, Jenkins, Sonarqube, azure cloud, ACR",29,NGM-APAC1.2-Group2,C2,8.45,ITA(I.T. Analyst),28,NGM-APAC1-Parent,TCS - Bangalore,TCS - Bangalore,India,WP-Hong Kong,AIA Shared Services (Hong Kong) Limited,Employee, ,CC,2020-03-31,,9538686873
1036139,Ms. Tanya Mathew,Available,MS PowerPoint,27,Others1.0,C2,8.71,ITA(I.T. Analyst),12,Others1-Parent,TCS - Bangalore,TCS - Bangalore,India,,Unspecified,Employee, ,CC,2020-03-31,,9840212790
1037919,Mr. Rahul Bisht,Available,"Cobol, mainframe, java, unix , contrl m, banking",28,IS-BFSI-France 1.1-Group1,C2,4.6,ITA(I.T. Analyst),28,IS-BFSI-France & Europe SW - Parent,TCS - Bangalore,TCS - Bangalore,India,,PAREL,Employee, ,CC,2020-03-31,,9148769591
1048159,Mr. Ananta Charan Patra,Available,C++/ Testing,22,IoT - Connected Products (IOU),C2,8.55,ITA(I.T. Analyst),6,Internet of Things (IOU),TCS - Bangalore,TCS - Bangalore,India,,GE Global Sourcing India Private Limited,Employee, ,CC,2020-04-07,,8904982651
1057887,Mr. Bhagabat Sahoo,Available,Foundation : JavaScript,29,Enterprise Application Services - ECM,C2,13.86,ITA(I.T. Analyst),14,TCS Interactive,TCS - Bangalore,TCS - Bangalore,India,,REFINITIV US LLC,Employee, ,CC,2020-03-31,,8050105504
1060945,Mr. Rahul Kshetrapal,Available,"sap bank analyser, abap, oops , webdynpro, hana",29,Others1.0,C2,8.91,ITA(I.T. Analyst),28,Others1-Parent,TCS - Bangalore,TCS - Bangalore,India,,Nordea Bank Abp,Employee, ,CC,2020-03-31,,
1071059,Mr. Joseph Gonthukupuli,Available,Manual testing and automation,32,Others1.0,C2,7.08,ITA(I.T. Analyst),37,Others1-Parent,TCS - Bangalore,TCS - Bangalore,India,,COMMONWEALTH BANK OF AUSTRALIA,Employee, ,CC,2020-03-22,,
1080567,Mr. Ravi Teja Devarasetty,Available,to be tracked,11,Enterprise Application Services - SAP,C2,7.81,ITA(I.T. Analyst),1,Enterprise Application Services (IOU),TCS - Bangalore,TCS - Bangalore,India,"L1BB-United States,WP-Malaysia",Tenaga Nasional Berhad,Employee, ,CC,2020-04-18,,60173183187
1081154,Ms. Suchitha Shenoy,Available,"PL, SQL",45,Others1.0,C2,8.18,ITA(I.T. Analyst),44,Others1-Parent,TCS - Bangalore,TCS - Bangalore,India,,"J. P. Morgan Chase Bank, National Association",Employee, ,CC,2020-03-15,,9739462105
1086058,Ms. Jothi Kandasamy,Available,Java Server Faces(JSF),25,IoT - Connected Products (IOU),C2,8.65,ITA(I.T. Analyst),12,Internet of Things (IOU),TCS - Bangalore,TCS - Bangalore,India,,Gilbarco Inc,Employee, ,CC,2019-08-11,Earned Leave,9976594991
1100692,Mr. Aravind .,Available,"Embedded HW Testing, Endnode Testing",112,EIS1.0,C2,15.57,ITA(I.T. Analyst),12,EIS1-Parent,TCS - Bangalore,TCS - Bangalore,India,,"Hasbro, Inc.",Employee, ,CC,2019-12-31,,9496061542
1101333,Ms. G. Manjula,Available,Embedded verificationa dn validation,198,Others1.0,C2,14.9,ITA(I.T. Analyst),197,Others1-Parent,TCS - Bangalore,TCS - Bangalore,India,,Clarion Co. Ltd,Employee, ,CC,2019-10-14,,9740769766
1103625,Ms. Shashvathi Govindaraju,Available,".net developer,Xamarin",13,Others1.0,C2,5.57,ITA(I.T. Analyst),12,Others1-Parent,TCS - Bangalore,TCS - Bangalore,India,,"J. C. Penney Corporation, Inc.",Employee, ,CC,2020-04-16,,9900527774
1183583,Mr. Ramesh A S,Available,"Documentation, Coreldraw and photoshop",177,Others1.0,C2,21.4,ITA(I.T. Analyst),12,Others1-Parent,TCS - Bangalore,TCS - Bangalore,India,,Hach Company,Employee, ,CC,2019-10-31,,9845587514
1185852,Mr. Vikas Mishra,Available,EIS : MDD Risk Management,20,EIS1.0,C2,3.83,ITA(I.T. Analyst),8,EIS1-Parent,TCS - Bangalore,TCS - Bangalore,India,,Zimmer Inc.,Employee, ,CC,2020-04-09,,8339918396
1190065,Mr. Suprabhat Kumar,Available,to be tracked,9,A&I - Business Analytics,C2,10.56,ITA(I.T. Analyst),8,Analytics & Insights (IOU),TCS - Bangalore,TCS - Bangalore,India,,Rolls-Royce India Private Limited,Employee, ,CC,2020-04-20,,9916404154
1191473,Mr. Kotreshi Nerki,Available,QAD MFG Pro and progress 4GL,15,Enterprise Application Services - NGP,C2,8.27,ITA(I.T. Analyst),14,Enterprise Application Services (IOU),TCS - Bangalore,TCS - Bangalore,India,,Adient US LLC,Employee, ,CC,2020-04-14,,9538594644
1191485,Ms. Gopika Marappan,Available,Unix Shell Scripting and text processing tools,29,IS-BFSI-Europe Central 1.1-Group1,C2,9.56,ITA(I.T. Analyst),16,IS-BFSI-Europe Central-Parent,TCS - Bangalore,TCS - Bangalore,India,,DEUTSCHE BANK AG,Employee, ,CC,2020-03-31,,9884802364
1200488,Ms. Manasi Joshi,Available,Manual QA ,40,SGB - FS - Core Banking,C2,8.82,ITA(I.T. Analyst),39,SGB-TCS FS1-Parent,TCS - Bangalore,TCS - Bangalore,India,,"SEI Global Services, Inc.",Employee, ,CC,2020-03-20,,9766951234
1202941,Mr. Madhiraju Naveen,Available,"MS Sql Server, SSIS, Teradata",57,Others1.0,C2,8.53,ITA(I.T. Analyst),12,Others1-Parent,TCS - Bangalore,TCS - Bangalore,India,,JS Information Systems Limited,Employee, ,CC,2020-03-03,,9620972857
1222115,Ms. Divya Ch,Available,PL/SQL,19,Cyber Security - Primary,C2,6.13,ITA(I.T. Analyst),18,Cyber Security (IOU),TCS - Bangalore,TCS - Bangalore,India,,Aon Service Corporation,Employee, ,CC,2020-04-10,,7829496942
1225424,Ms. Lalasa Kurli,Available,"manual testing, banking, healthcare",34,Others1.0,C2,7.96,ITA(I.T. Analyst),12,Others1-Parent,TCS - Bangalore,TCS - Bangalore,India,,RPMI Limited,Employee, ,CC,2018-11-07,,
1243046,Mr. Jnanavardhanareddy P S,Available,"OCR, Python",52,Others1.0,C2,4.2,ITA(I.T. Analyst),12,Others1-Parent,TCS - Bangalore,TCS - Bangalore,India,,Unspecified,Employee, ,CC,2020-03-08,,9591959598
1246805,Ms. Nazneen Banu,Available,"Functional Testing Lead, Manual - 6.5 yrs",55,Others1.0,C2,6.7,ITA(I.T. Analyst),56,Others1-Parent,TCS - Bangalore,TCS - Bangalore,India,,Roche Polska Sp z.o.o,Employee, ,CC,2020-03-03,,9748476328
1247647,Mr. Akhil Unnikrishnan,Available,"Windows, VMware",29,CBO1.1,C2,7.27,ITA(I.T. Analyst),26,CBO1-Parent,TCS - Bangalore,TCS - Bangalore,India,,Xerox Corporation,Employee, ,CC,2020-03-31,,8951284724
1250640,Mr. Aditya Gunjal,Available,Financial Analysis,89,Others1.0,C2,8.7,ITA(I.T. Analyst),88,Others1-Parent,TCS - Bangalore,TCS - Bangalore,India,,"PETCO Animal Supplies Stores, Inc.",Employee, ,CC,2020-01-31,,9742023848
1251391,Mr. Anurag Rai,Available,DATA VISUALIZATION,41,A&I - Data Services,C2,9.14,ITA(I.T. Analyst),13,Analytics & Insights (IOU),TCS - Bangalore,TCS - Bangalore,India,,COMMONWEALTH BANK OF AUSTRALIA,Employee, ,CC,2020-03-11,,8600033971
1251419,Ms. Kirthika Chandrasekaran,Available,.Net Developer,15,Enterprise Application Services - ECM,C2,7.7,ITA(I.T. Analyst),23,TCS Interactive,TCS - Bangalore,TCS - Bangalore,India,,Vitality Corporate Services Limited,Employee, ,CC,2020-04-02,,9600104711
1253052,Mr. Akshay Vishe,Available,ASP .net and sitecore,68,Others1.0,C2,6.79,ITA(I.T. Analyst),67,Others1-Parent,TCS - Bangalore,TCS - Mumbai,India,,Johnson & Johnson Services Inc,Employee, ,CC,2020-02-21,,9930558009
1256229,Mr. Guruprasad M,Available,Automotive BIW_Design and Development,29,EIS1.0,C2,9.2,ITA(I.T. Analyst),19,EIS1-Parent,TCS - Bangalore,TCS - Bangalore,India,,"NISSAN AUTOMOTIVE TECHNOLOGY CO., LTD.",Employee, ,CC,2020-03-31,,
1259643,Ms. Vemuru Supraja,Available,"Mainframe (JCL, COBOL, DB2, IMS)",13,Others1.0,C2,4.09,ITA(I.T. Analyst),12,Others1-Parent,TCS - Bangalore,TCS - Bangalore,India,,"J. C. Penney Corporation, Inc.",Employee, ,CC,2020-04-16,,7702596316
1259666,Ms. T Akila,Available,Mainframe,19,IS-BFSI-UK 1.1-Group1,C2,4.15,ITA(I.T. Analyst),6,IS-BFSI-UK 1-Parent,TCS - Bangalore,TCS - Bangalore,India,,LLOYDS BANK PLC,Employee, ,CC,2020-03-22,,9486550218
1306236,Ms. Devika Bhandare,Available,testing; scrum master; test lead,68,Others1.0,C2,9.95,ITA(I.T. Analyst),67,Others1-Parent,TCS - Bangalore,TCS - Bangalore,India,,American Express Services Europe Ltd.,Employee, ,CC,2020-02-21,,919742479392
1307660,Mr. Puneeth Kv,Available,"Windows, .Net, C++",28,Others1.0,C2,10.11,ITA(I.T. Analyst),28,Others1-Parent,TCS - Bangalore,TCS - Bangalore,India,,"ABB Information Systems Ltd, Switzerland",Employee, ,CC,2020-03-31,,9008821779
1312572,Mr. Srijith Chandran,Available,IT IS_Service Desk,29,CBO1.1,C2,9.11,ITA(I.T. Analyst),28,CBO1-Parent,TCS - Bangalore,TCS - Bangalore,India,,EY Global Services Limited,Employee, ,CC,2020-03-31,,8095099122
1324659,Ms. Thara Narayanappa,Available,Unix / Linux Basics and Commands,19,IS-BFSI-Europe Central 1.2-Group2,C2,9.34,ITA(I.T. Analyst),12,IS-BFSI-Europe Central-Parent,TCS - Bangalore,TCS - Bangalore,India,,Credit Suisse Services (India) Private Limited,Employee, ,CC,2019-08-28,Earned Leave,8123321317
1327165,Mr. Sunil S R,Available,EIS : Tool Design,28,EIS1.0,C2,6.81,ITA(I.T. Analyst),7,EIS1-Parent,TCS - Bangalore,TCS - Bangalore,India,,Jaguar Land Rover Limited,Employee, ,CC,2020-03-31,,9620954525
1340993,Mr. Venkata Suresh Kota,Available,Java,40,Others1.0,C2,7.58,ITA(I.T. Analyst),39,Others1-Parent,TCS - Bangalore,TCS - Bangalore,India,,"SEI Global Services, Inc.",Employee, ,CC,2020-03-20,,9820854148
1342420,Ms. Swati Bajpayee,Available,Manual and functional testing,39,IS-BFS7-ANZ 1.3-Group3,C2,7.99,ITA(I.T. Analyst),39,IS-BFS7-Parent,TCS - Bangalore,TCS - Bangalore,India,,MLC Limited,Employee, ,CC,2020-03-20,,9643826287
1353516,Ms. Matilda Chelladurai,Available,,15,Others1.0,C2,8.18,ITA(I.T. Analyst),12,Others1-Parent,TCS - Bangalore,TCS - Bangalore,India,,Credit Suisse Securities ( USA ) LLC,Employee, ,CC,2019-08-01,,8296040840
1357005,Ms. Ambika K,Available,"Unit Testing, System Testing",86,Others1.0,C2,9.46,ITA(I.T. Analyst),22,Others1-Parent,TCS - Bangalore,TCS - Bangalore,India,,Tata Advanced Systems Limited,Employee, ,CC,2020-01-31,,9742070818
1362039,Mr. Roy Kurian,Available,IBM Websphere Message Broker (WMB),29,IS-BFSI-Europe Central 1.2-Group2,C2,9.3,ITA(I.T. Analyst),8,IS-BFSI-Europe Central-Parent,TCS - Bangalore,TCS - Bangalore,India,,Credit Suisse Securities ( USA ) LLC,Employee, ,CC,2020-03-31,,9035004565
1369781,Mr. Himanshu Jena,Available,"Performance Testing,AWS,Devops",60,Others1.0,C2,8.04,ITA(I.T. Analyst),12,Others1-Parent,TCS - Bangalore,TCS - Bangalore,India,,Unspecified,Employee, ,CC,2020-02-29,,9886685108
1371958,Ms. Roopashree Nc,Available,EIS : Aerospace Design - Avionics System,14,IoT - Connected Products (IOU),C2,5.92,ITA(I.T. Analyst),13,Internet of Things (IOU),TCS - Bangalore,TCS - Bangalore,India,,GE Global Sourcing India Private Limited,Employee, ,CC,2020-04-15,,9538766281
1372349,Ms. Sohini Chakraborty,Available,"Unix, SQL",28,IS-BFSI-Europe NW 1.5-Group5,C2,7.73,ITA(I.T. Analyst),28,IS-BFSI-Europe NW-Parent,TCS - Bangalore,TCS - Bangalore,India,,Nordea Bank Abp,Employee, ,CC,2020-03-31,,7022136996
1373299,Ms. Divya Vidhyadaran,Available,core java spring ,7,NGM-APAC1.2-Group2,C2,7.76,ITA(I.T. Analyst),12,NGM-APAC1-Parent,TCS - Bangalore,TCS - Bangalore,India,,Standard Chartered Global Business Services Private Limited,Employee, ,CC,2019-09-30,Earned Leave,9578045740
1375772,Ms. Neethu Devan,Available,Unix Shell Scripting and text processing tools,13,IS-Retail US South and West-1.1,C2,6.54,ITA(I.T. Analyst),12,IS-Retail US South and West-Parent,TCS - Bangalore,TCS - Bangalore,India,,"J. C. Penney Corporation, Inc.",Employee, ,CC,2020-04-16,,9591753289
1376241,Mr. Girish Patil,Available,EIS : Unigraphics NX,7,EIS1.0,C2,8.47,ITA(I.T. Analyst),6,EIS1-Parent,TCS - Bangalore,TCS - Bangalore,India,,Rolls-Royce plc,Employee, ,CC,2020-04-22,,919538754225
1378788,Ms. Harshitha G V,Available,HP Extreme,66,Others1.0,C2,7.41,ITA(I.T. Analyst),12,Others1-Parent,TCS - Bangalore,TCS - Bangalore,India,,Unspecified,Employee, ,CC,2018-06-30,,9611345311
1382071,Ms. Saleemunnisa .,Available,"IDM support, service desk",59,Others1.0,C2,9.06,ITA(I.T. Analyst),42,Others1-Parent,TCS - Bangalore,TCS - Bangalore,India,,PricewaterhouseCoopers Services Pty Ltd,Employee, ,CC,2019-05-31,,9949471892
1399983,Mr. Karthik M,Available,EIS : Aerospace Design - Avionics System,29,EIS1.0,C2,7.64,ITA(I.T. Analyst),22,EIS1-Parent,TCS - Bangalore,TCS - Bangalore,India,,Tata Advanced Systems Limited,Employee, ,CC,2020-03-31,,9916144492
1431675,Ms. Suma Girish,Available,"PHP, MySQL, HTML, CSS, Javascript, Oracle",40,Others1.0,C2,6.99,ITA(I.T. Analyst),39,Others1-Parent,TCS - Bangalore,TCS - Bangalore,India,,Adobe Systems India Private Limited,Employee, ,CC,2020-03-20,,
1446439,Ms. Prerna Sinha,Available,RMS,13,IS-Retail US South and West-1.1,C2,5.67,ITA(I.T. Analyst),12,IS-Retail US South and West-Parent,TCS - Bangalore,TCS - Bangalore,India,,"J. C. Penney Corporation, Inc.",Employee, ,CC,2020-04-16,,9880835838
1450045,Ms. Kavya Kumari,Available,Salesforce Administration,89,Enterprise Application Services - Salesforce,C2,5.61,ITA(I.T. Analyst),88,Enterprise Application Services (IOU),TCS - Bangalore,TCS - Bangalore,India,,GE PRECISION HEALTHCARE LLC,Employee, ,CC,2020-01-31,,8970792959
1452818,Ms. Sonika Dobliyal,Available,"OBI, Power BI",28,A&I - Business Analytics,C2,8.8,ITA(I.T. Analyst),28,Analytics & Insights (IOU),TCS - Bangalore,TCS - Bangalore,India,,"J. C. Penney Corporation, Inc.",Employee, ,CC,2020-03-31,,6361582934
1457214,Mr. Pankaj Singh,Available,EIS : Plastics Product Design,29,EIS1.0,C2,6.74,ITA(I.T. Analyst),19,EIS1-Parent,TCS - Bangalore,TCS - Bangalore,India,,Nissan Motor Co. Ltd.,Employee, ,CC,2020-03-31,,9971696328
1459698,Mr. Arjun Saheer,Available,Escalation Manager,328,Others1.0,C2,6.24,ITA(I.T. Analyst),12,Others1-Parent,TCS - Bangalore,TCS - Bangalore,India,,SuperValu,Employee, ,CC,2019-06-05,,
1460184,Mr. Somashekar Kempakumar,Available,MFG/Pro Techno-Functional,28,Enterprise Application Services - NGP,C2,7.53,ITA(I.T. Analyst),28,Enterprise Application Services (IOU),TCS - Bangalore,TCS - Bangalore,India,,"Clarios, LLC",Employee, ,CC,2020-03-31,,9632116666
1460203,Mr. Tulasigiri G Halemani,Available,EIS : Plastics Product Design,29,EIS1.0,C2,6.52,ITA(I.T. Analyst),19,EIS1-Parent,TCS - Bangalore,TCS - Bangalore,India,,Nissan Motor Co. Ltd.,Employee, ,CC,2020-03-31,,9975500458
1497682,Mr. Rohit S Balagavi,Available,"Manufacturing,glass & seals,catia",60,EIS1.0,C2,7.69,ITA(I.T. Analyst),12,EIS1-Parent,TCS - Bangalore,TCS - Bangalore,India,,Progress Rail Locomotive Inc.,Employee, ,CC,2020-02-29,,9970472248
1519020,Ms. Swati Tyagi,Available,Web Application Programming,38,Others1.0,C2,8.05,ITA(I.T. Analyst),12,Others1-Parent,TCS - Bangalore,TCS - Bangalore,India,,"Apple,  Inc.",Employee, ,CC,2020-03-22,,
1523972,Mr. Preetham H R,Available,Process planning,7,EIS1.0,C2,7.01,ITA(I.T. Analyst),6,EIS1-Parent,TCS - Bangalore,TCS - Bangalore,India,,Rolls-Royce plc,Employee, ,CC,2020-04-22,,9743987820
1524489,Mr. Jeeva Nasion,Available,Escalation management,145,Others1.0,C2,7.47,ITA(I.T. Analyst),150,Others1-Parent,TCS - Bangalore,TCS - Bangalore,India,,SuperValu,Employee, ,CC,2019-11-30,,9886547407
1533389,Mr. Saif Khan,Available,"Data Science, Statistics, data visualisation, Data scientist ",56,Others1.0,C2,7.01,ITA(I.T. Analyst),32,Others1-Parent,TCS - Bangalore,TCS - Bangalore,India,,Unspecified,Employee, ,CC,2020-02-29,,8105820438
1538295,Mr. Srinivas L,Available,SAP hANA database admin,77,Others1.0,C2,6.27,ITA(I.T. Analyst),76,Others1-Parent,TCS - Bangalore,TCS - Bangalore,India,,SAP LABS INDIA PRIVATE LIMITED,Employee, ,CC,2020-02-12,,9886531046
1544042,Mr. Alok Ranjan,Available,"C, TESTSTAND",28,IoT - Connected Products (IOU),C2,8.13,ITA(I.T. Analyst),15,Internet of Things (IOU),TCS - Bangalore,TCS - Bangalore,India,,GE Global Sourcing India Private Limited,Employee, ,CC,2020-03-31,,8088027828
1544375,Mr. Shaik Nazumuddin,Available,"WMB,IIB and MQ",29,IS-BFSI-UK 1.2-Group2,C2,7.09,ITA(I.T. Analyst),28,IS-BFSI-UK 1-Parent,TCS - Bangalore,TCS - Bangalore,India,,NATIONAL WESTMINSTER BANK plc,Employee, ,CC,2020-03-31,,8341432032
1545125,Ms. Jacklin Das,Available,"Cybersecurity,ArcSight SIEM Tool,Knowledge on Symantec AV,SMG,Trendmicro DDI,DDAN,DDEI,McAfee IPS",29,Cyber Security - Primary,C2,4.83,ITA(I.T. Analyst),9,Cyber Security (IOU),TCS - Bangalore,TCS - Bangalore,India,,Central Board of Excise and Customs,Employee, ,CC,2020-03-31,,7065160560
1554000,Mr. Shahul Hameed,Available,Teamcenter,7,EIS1.0,C2,6.4,ITA(I.T. Analyst),6,EIS1-Parent,TCS - Bangalore,TCS - Bangalore,India,,Rolls-Royce Deutschland,Employee, ,CC,2020-04-22,,8892234535
1564591,Mr. Mahanth H C,Available,SAP MDG,19,Enterprise Application Services - SAP,C2,5.7,ITA(I.T. Analyst),18,Enterprise Application Services (IOU),TCS - Bangalore,TCS - Bangalore,India,SCHENGEN-Netherlands,Stryker Corporation,Employee, ,CC,2020-04-10,,9538020237
1567161,Ms. Abinaya Ramesh,Available,"Value engineering,BTV",29,EIS1.0,C2,7.53,ITA(I.T. Analyst),25,EIS1-Parent,TCS - Bangalore,TCS - Bangalore,India,,Cisco Systems India Pvt Ltd,Employee, ,CC,2020-03-31,,8122794241
1572756,Ms. Anusha Harish,Available,Core Java,70,Others1.0,C2,5.33,ITA(I.T. Analyst),12,Others1-Parent,TCS - Bangalore,TCS - Bangalore,India,,WM Global Technology Services India Private Limited,Employee, ,CC,2020-02-19,,8660295120
1574943,Mr. Dhananjaya B K,Available,EIS : Aerospace Design - Avionics System,29,EIS1.0,C2,6.21,ITA(I.T. Analyst),22,EIS1-Parent,TCS - Bangalore,TCS - Bangalore,India,,Tata Advanced Systems Limited,Employee, ,CC,2020-03-31,,9986786949
1582830,Mr. Manoj Tavva,Available,to be tracked,20,Others1.0,C2,5.99,ITA(I.T. Analyst),8,Others1-Parent,TCS - Bangalore,TCS - Bangalore,India,,GE Power,Employee, ,CC,2020-04-09,,9640060883
1599729,Mr. Akhil Vasist,Available,UX designer,29,Components Engineering Group1.0,C2,6.64,ITA(I.T. Analyst),28,Components Engineering Group1-Parent,TCS - Bangalore,TCS - Bangalore,India,,Unspecified,Employee, ,CC,2020-03-31,,9916973308
1611500,Ms. Swarnalatha N,Available,Technical writing,15,Others1.0,C2,8.08,SN(Systems Analyst),8,Others1-Parent,TCS - Bangalore,TCS - Bangalore,India,,"Johnson Controls, Inc.",Employee, ,CC,2020-04-14,,7892158440
1615961,Mr. Supreeth Nagaraja,Available,to be tracked,9,Digital Interactive - Primary,C2,7.91,SN(Systems Analyst),8,TCS Interactive,TCS - Bangalore,TCS - Bangalore,India,,"Johnson Controls, Inc.",Employee, ,CC,2020-04-20,,7259009187
1618687,Ms. Kabita Maharana,Available,Content writing,29,Digital Interactive - Primary,C2,8.18,ITA(I.T. Analyst),28,TCS Interactive,TCS - Bangalore,TCS - Bangalore,India,,Pearl Group Services Limited,Employee, ,CC,2020-03-31,,9916025929
1620407,Mr. Vimal Loganathan,Available,Assurance : HP ALM,19,Others1.0,C2,5.98,ITA(I.T. Analyst),12,Others1-Parent,TCS - Bangalore,TCS - Bangalore,India,BV-United Kingdom,Unspecified,Employee, ,CC,2020-04-10,,
1620410,Mr. Saddam Shaik,Available,SAP ERP Financial Accounting (FI),29,Enterprise Application Services - SAP,C2,6.01,ITA(I.T. Analyst),9,Enterprise Application Services (IOU),TCS - Bangalore,TCS - Bangalore,India,,HP Inc,Employee, ,CC,2020-03-31,,9700817066
1620902,Ms. Amrata Shanbhag,Available,IT IS_Service Desk,45,IS-BFSI-US West 1.2-Group2,C2,7.24,ITA(I.T. Analyst),12,IS-BFSI-US West-Parent,TCS - Bangalore,TCS - Bangalore,India,,American Express Travel Related Services,Employee, ,CC,2020-03-13,,9738050247
1629713,Mr. Sachin A B,Available,Teamcenter,7,EIS1.0,C2,6.37,ITA(I.T. Analyst),6,EIS1-Parent,TCS - Bangalore,TCS - Bangalore,India,,Rolls-Royce plc,Employee, ,CC,2020-04-22,,9945299289
1630068,Mr. Vinay Udupa K R,Available,EIS : Unigraphics NX,28,EIS1.0,C2,8.24,ITA(I.T. Analyst),16,EIS1-Parent,TCS - Bangalore,TCS - Bangalore,India,,Progress Rail Locomotive Inc.,Employee, ,CC,2020-03-31,,9739086463
1676277,Ms. Kavya Shetty,Available,CMS developer,29,Enterprise Application Services - ECM,C2,4.75,ITA(I.T. Analyst),28,TCS Interactive,TCS - Bangalore,TCS - Bangalore,India,,KLM Royal Dutch Airlines,Employee, ,CC,2020-03-31,,9561833922
1679377,Mr. Vishwas Bhat,Available,"should costing,Vave",29,EIS1.0,C2,6.97,ITA(I.T. Analyst),26,EIS1-Parent,TCS - Bangalore,TCS - Bangalore,India,,Mitsubishi Motors Corporation,Employee, ,CC,2020-03-31,,9964399426
1689088,Ms. Skriti Kumari,Available,Siebel CRM  Technical  System Administration (Windows and Unix),12,Others1.0,C2,5.37,ITA(I.T. Analyst),11,Others1-Parent,TCS - Bangalore,TCS - Bangalore,India,,"Flowserve US, Inc.",Employee, ,CC,2020-04-17,,7760357080
1695594,Ms. Savitri Tandel,Available,SEO - search engine optimization,15,Digital Interactive - Primary,C2,6.83,ITA(I.T. Analyst),14,TCS Interactive,TCS - Bangalore,TCS - Bangalore,India,,"Johnson Controls, Inc.",Employee, ,CC,2020-04-14,,9035386574
1695968,Ms. Priti Shaw,Available,"SQL, Tabeau, BI, Analysis",14,A&I - Business Analytics,C2,7.07,ITA(I.T. Analyst),13,Analytics & Insights (IOU),TCS - Bangalore,TCS - Bangalore,India,,COMMONWEALTH BANK OF AUSTRALIA,Employee, ,CC,2020-04-15,,
1697048,Mr. Payala Venkat Vikash,Available,MS Word,29,A&I - Business Analytics,C2,5.05,ITA(I.T. Analyst),8,Analytics & Insights (IOU),TCS - Bangalore,TCS - Bangalore,India,,PETROLIAM NASIONAL BERHAD,Employee, ,CC,2020-03-31,,9513460726
1710997,Ms. Amulya Dc,Available,"Quality Analyst,Procurement,Auditing",60,Others1.0,C2,5.75,ITA(I.T. Analyst),59,Others1-Parent,TCS - Bangalore,TCS - Bangalore,India,,Koninklijke Haskoning Groep B.V.,Employee, ,CC,2020-02-29,,
1718249,Ms. Harleen Mavally,Available,"SQL, PL/SQL, Unix",39,Others1.0,C2,5.98,ITA(I.T. Analyst),39,Others1-Parent,TCS - Bangalore,TCS - Bangalore,India,,SAP SE,Employee, ,CC,2020-03-20,,9945644159
1721059,Ms. Navya Pentakota,Available,"Core Java, IIB",29,IS-BFSI-UK 1.2-Group2,C2,5.01,ITA(I.T. Analyst),28,IS-BFSI-UK 1-Parent,TCS - Bangalore,TCS - Bangalore,India,,NATIONAL WESTMINSTER BANK plc,Employee, ,CC,2020-03-31,,8861322345
1723908,Mr. Wasif Hassan,Available,SAP HYBRIS,14,Enterprise Application Services - SAP,C2,5.19,ITA(I.T. Analyst),13,Enterprise Application Services (IOU),TCS - Bangalore,TCS - Bangalore,India,,Pfizer Inc,Employee, ,CC,2020-04-15,,8197418199
1727674,Ms. Sharanya Vaish,Available,Linux OS,28,CBO1.2,C2,5.33,ITA(I.T. Analyst),9,CBO1-Parent,TCS - Bangalore,TCS - Bangalore,India,,COMMONWEALTH BANK OF AUSTRALIA,Employee, ,CC,2020-04-01,,
1732681,Mr. Saikrishna Vangaveeti,Available,Enterprise Solutions and Frameworks,120,Others1.0,C2,7.25,ITA(I.T. Analyst),12,Others1-Parent,TCS - Bangalore,TCS - Bangalore,India,,SAP SE,Employee, ,CC,2019-12-31,,9030434445
1741611,Mr. Ankit Saraf,Available,UX designer,29,GEISU - Healthcare BHGE & Consumer,C2,7.63,ITA(I.T. Analyst),28,GE1-Parent,TCS - Bangalore,TCS - Bangalore,India,,GE PRECISION HEALTHCARE LLC,Probationer, ,CC,2020-03-31,,9827042011
208321,Ms. Suhasini Diwanji,Available,Data Analyst,19,Others1.0,C2,13.08,ITA(I.T. Analyst),18,Others1-Parent,TCS - Bangalore,TCS - Bangalore,India,,Diageo Great Britain Limited,Employee, ,CC,2020-04-10,,919481813197
229532,Mr. Abhilash R,Available,AUTOMATION IMPLEMENTATION,89,Others1.0,C2,12.61,ITA(I.T. Analyst),12,Others1-Parent,TCS - Bangalore,TCS - Bangalore,India,BV-Malaysia,Unspecified,Employee, ,CC,2020-01-31,,9538033888
241922,Mr. Gopi Ramu,Available,Excel and power point; analytics,158,Others1.0,C2,12.23,ITA(I.T. Analyst),12,Others1-Parent,TCS - Bangalore,TCS - Bangalore,India,,The Nielsen Company (US) LLC,Employee, ,CC,2019-05-31,,9945477811
255836,Ms. Anisha P.P,Available,PL/SQL,17,Others1.0,C2,11.71,ITA(I.T. Analyst),16,Others1-Parent,TCS - Bangalore,TCS - Bangalore,India,,"PNC BANK, NATIONAL ASSOCIATION",Employee, ,CC,2020-04-12,,9663466366
308572,Ms. Rajeshwari R .,Available,"SCM,PLM END USER",35,EIS1.0,C2,14.9,ITA(I.T. Analyst),34,EIS1-Parent,TCS - Bangalore,TCS - Bangalore,India,,Baker Hughes Oilfield Operations LLC,Employee, ,CC,2020-03-25,,9900450442
320857,Mr. Harish Kumar,Available,"Business Analysis, Excel Automation, Market Research",10,IS-Hi-Tech1.5-Group5,C2,10.89,ITA(I.T. Analyst),9,IS-Hi-Tech1-Parent,TCS - Bangalore,TCS - Bangalore,India,,PricewaterhouseCoopers LLP,Employee, ,CC,2020-04-19,,9980730901
325223,Ms. Jhansi C.P.,Available,"SAS, VPA Automation, Excel Automation, PMO",322,Others1.0,C2,10.59,ITA(I.T. Analyst),12,Others1-Parent,TCS - Bangalore,TCS - Bangalore,India,,HP Inc,Employee, ,CC,2018-04-30,,919739473635
328523,Mr. Hemanth Kumar K,Available,"SQL, Python",28,IS-BFS7-ANZ 1.3-Group3,C2,10.48,ITA(I.T. Analyst),28,IS-BFS7-Parent,TCS - Bangalore,TCS - Bangalore,India,,MLC Limited,Employee, ,CC,2020-03-31,,9008069085
335236,Ms. Shivani Srivastava,Available,ASP.NET 2.0,29,CMI NA Media TR & Refinitive,C2,10.33,ITA(I.T. Analyst),15,CMI NA Media Parent,TCS - Bangalore,TCS - Bangalore,India,,Thomson Reuters (Markets) LLC,Employee, ,CC,2020-03-31,,9611267722
347119,Ms. Manjula Pvs,Available,to be tracked,14,IS-BFSI-UK 2.1-Group1,C2,12.38,ITA(I.T. Analyst),13,IS-BFSI-UK 2-Parent,TCS - Bangalore,TCS - Bangalore,India,,Aviva Central Services UK Limited,Employee, ,CC,2020-04-15,,9740205449
350897,Ms. Needhi Nagasundaram,Available,C++,51,IS-BFS7-BOA,C2,10.09,ITA(I.T. Analyst),22,IS-BFS7-Parent,TCS - Bangalore,TCS - Bangalore,India,,Bank of America,Employee, ,CC,2019-08-25,,9962616324
351765,Mr. Shiva Kumar D,Available,MS PowerPoint,28,Others1.0,C2,16.83,ITA(I.T. Analyst),8,Others1-Parent,TCS - Bangalore,TCS - Bangalore,India,,Walgreen Co.,Employee, ,CC,2020-03-31,,919880460555
352176,Ms. Durgasree S,Available,Manual Testing,52,BFSI US East - Mid-West,C2,10.1,ITA(I.T. Analyst),12,IS-BFSI-US East-Parent,TCS - Bangalore,TCS - Bangalore,India,,Vantiv LLC,Employee, ,CC,2019-08-31,,9611510102
353641,Mr. Prosun Ghorai,Available,Pega - Tech BA,28,A&I - Business Analytics,C2,10.08,ITA(I.T. Analyst),28,Analytics & Insights (IOU),TCS - Bangalore,TCS - Bangalore,India,,COMMONWEALTH BANK OF AUSTRALIA,Employee, ,CC,2020-03-31,,9681737955
355281,Mr. Raajheshram C,Available, Tech lead; Support lead ; ,28,Others1.0,C2,13.79,ITA(I.T. Analyst),28,Others1-Parent,TCS - Bangalore,TCS - Bangalore,India,,Roche Polska Sp z.o.o,Employee, ,CC,2020-03-31,,9840256256
364728,Mr. Rajesh Sanwal,Available,"PM, IM, CM",85,Others1.0,C2,18.62,ITA(I.T. Analyst),84,Others1-Parent,TCS - Bangalore,TCS - Bangalore,India,,Shell Nederland Verkoopmaatschappij B.V.,Employee, ,CC,2020-02-04,,9844365037
371651,Mr. Shashank Shekhar,Available,System Z - z/OS,14,NGM-APAC1.2-Group2,C2,9.69,ITA(I.T. Analyst),27,NGM-APAC1-Parent,TCS - Bangalore,TCS - Bangalore,India,,AIA SINGAPORE PRIVATE LIMITED,Employee, ,CC,2020-04-01,,9051430444
379434,Ms. Indupalli Mrudula,Available,Dell Boomi,41,CMA - Cloud Apps & Microservices,C2,9.6,ITA(I.T. Analyst),88,"Cloud Apps, Microservices & APIfication (IOU)",TCS - Bangalore,TCS - Bangalore,India,,Dover Corporation,Employee, ,CC,2020-01-31,,9986112424
380593,Ms. Preethi Krishna,Available,"Python, R,VBA",29,Others1.0,C2,11.33,ITA(I.T. Analyst),28,Others1-Parent,TCS - Bangalore,TCS - Bangalore,India,,GE India Industrial Private Limited,Employee, ,CC,2020-03-31,,9731104104
381072,Ms. Queen Tk,Available,Assurance : Selenium,28,Others1.0,C2,9.59,ITA(I.T. Analyst),12,Others1-Parent,TCS - Bangalore,TCS - Bangalore,India,,Tata Sky Ltd,Employee, ,CC,2020-04-01,,
388530,Ms. Geetha K C,Available,TIBCO,11,Others1.0,C2,9.49,ITA(I.T. Analyst),12,Others1-Parent,TCS - Bangalore,TCS - Bangalore,India,,ABN AMRO,Employee, ,CC,2019-10-21,,917259441781
389337,Ms. Chandana Prasad,Available,"SQL,PLSQL",29,EIS1.0,C2,9.47,ITA(I.T. Analyst),28,EIS1-Parent,TCS - Bangalore,TCS - Bangalore,India,,Unilever Europe IT,Employee, ,CC,2020-03-31,,9986267329
396309,Ms. Swathi Naidu,Available,"C, Capple scripting/ python",28,IoT - Connected Products (IOU),C2,9.4,ITA(I.T. Analyst),27,Internet of Things (IOU),TCS - Bangalore,TCS - Bangalore,India,,Johnson & Johnson Services Inc,Employee, ,CC,2020-04-01,,7899773727
399957,Ms. Nisha Antony,Available,Manual Testing,105,Others1.0,C2,9.37,ITA(I.T. Analyst),12,Others1-Parent,TCS - Bangalore,TCS - Kochi,India,,Morgan Stanley Services Group Inc.,Employee, ,CC,2018-06-22,,8904509670
458549,Ms. Chitra Reddy Donti Reddy,Available,Sclunk,78,Others1.0,C2,9.39,ITA(I.T. Analyst),77,Others1-Parent,TCS - Bangalore,TCS - Bangalore,India,,NATIONAL WESTMINSTER BANK plc,Employee, ,CC,2020-02-11,,9866981024
465523,Mr. P.M. Thejaswi,Available,SCCM,18,CBO1.1,C2,9.3,ITA(I.T. Analyst),17,CBO1-Parent,TCS - Bangalore,TCS - Bangalore,India,,REFINITIV US LLC,Employee, ,CC,2020-04-11,,91 9441797771
475114,Ms. Anusha Ram,Available,System Z - CICS System Administration,23,EIA - Intelligent Process Automation (IOU),C2,9.11,ITA(I.T. Analyst),22,Enterprise Intelligent Automation (IOU),TCS - Bangalore,TCS - Bangalore,India,,United Airlines,Employee, ,CC,2020-04-06,,9940662591
475309,Ms. Ankita Agarwal,Available,Foundation : PHP,7,A&I - Data Services,C2,9.12,ITA(I.T. Analyst),6,Analytics & Insights (IOU),TCS - Bangalore,TCS - Bangalore,India,,Stryker Corporation,Employee, ,CC,2020-04-22,,9632550540
475326,Ms. Goteti Sowmya,Available,ETL developer,213,Others1.0,C2,9.11,ITA(I.T. Analyst),12,Others1-Parent,TCS - Bangalore,TCS - Bangalore,India,,JS Information Systems Limited,Employee, ,CC,2017-07-07,,9916644170
490893,Mr. Alexander Jesumuthu,Available,"Incident Management, Change Mgmt",14,CBO1.1,C2,13.56,ITA(I.T. Analyst),13,CBO1-Parent,TCS - Bangalore,TCS - Bangalore,India,,REFINITIV US LLC,Employee, ,CC,2020-04-15,,9742965308
491462,Mr. Manjunath Dk,Available,"mainframes,cobol (production support )",28,Others1.0,C2,11.24,ITA(I.T. Analyst),24,Others1-Parent,TCS - Bangalore,TCS - Chennai,India,,"AVIS BUDGET CAR RENTAL, LLC.",Employee, ,CC,2020-03-31,,8123090006
494900,Ms. P Rajagowri,Available,to be tracked,13,Others1.0,C2,8.85,ITA(I.T. Analyst),12,Others1-Parent,TCS - Bangalore,TCS - Bangalore,India,,"J. C. Penney Corporation, Inc.",Employee, ,CC,2020-04-16,,6381455054
495966,Ms. Shalini Tj,Available,"trackwise application developer, manual tester",60,EIS1.0,C2,8.82,ITA(I.T. Analyst),12,EIS1-Parent,TCS - Bangalore,TCS - Bangalore,India,,GlaxoSmithKline Services Unlimited,Employee, ,CC,2020-02-29,,8792151764
511651,Ms. Pooja Upadhyay,Available,System P - AIX,9,Others1.0,C2,8.79,ITA(I.T. Analyst),8,Others1-Parent,TCS - Bangalore,TCS - Bangalore,India,C1-United States,Tenet Business Services Corporation,Employee, ,CC,2020-04-20,,6362226156
511793,Ms. Priyanka Patnaik,Available,"PMO operations, Service Management",43,CMI NA Media 1.0,C2,8.78,ITA(I.T. Analyst),12,CMI NA Media Parent,TCS - Bangalore,TCS - Bangalore,India,,Thomson Reuters (Markets) LLC,Employee, ,CC,2019-09-13,,919535423344
511946,Mr. Chinmaya Rath,Available,"PM, Java trained",15,CMI NA Media TR & Refinitive,C2,8.78,ITA(I.T. Analyst),14,CMI NA Media Parent,TCS - Bangalore,TCS - Bangalore,India,,REFINITIV US LLC,Employee, ,CC,2020-04-14,,8981294910
517616,Mr. Rohit Rd,Available,to be tracked,8,CMI UK&EU BT,C2,13.45,ITA(I.T. Analyst),7,CMI UK&EU Parent,TCS - Bangalore,TCS - Bangalore,India,,British Telecommunications plc.,Employee, ,CC,2020-04-21,,919591137271
519306,Ms. Kolavennu Iswarya,Available,"Pega,
IBM Websphere portal administration",137,Others1.0,C2,8.68,ITA(I.T. Analyst),30,Others1-Parent,TCS - Bangalore,TCS - Bangalore,India,,AXA US HOLDINGS Inc.,Employee, ,CC,2018-12-21,,9642120082
526270,Mr. Kurmam Ramesh,Available,"Oracle BRM, SQL, Linux Hive",119,Others1.0,C2,13.02,ITA(I.T. Analyst),119,Others1-Parent,TCS - Bangalore,TCS - Bangalore,India,,DEUTSCHE BANK AG,Employee, ,CC,2019-12-31,,8892499499
528058,Ms. Sushree Sahoo,Available,SAP ERP Materials Management (MM),21,Enterprise Application Services - SAP,C2,8.59,ITA(I.T. Analyst),20,Enterprise Application Services (IOU),TCS - Bangalore,TCS - Bangalore,India,,Stryker Corporation,Employee, ,CC,2020-04-08,,8337985675
528816,Ms. Neeta Kulkarni,Available,Manual and automation testing,42,Others1.0,C2,8.58,ITA(I.T. Analyst),41,Others1-Parent,TCS - Bangalore,TCS - Bangalore,India,,Hyundai Capital America,Employee, ,CC,2020-03-18,,8904672633
530827,Ms. Soumya Sahoo,Available,"Testing,Functional",60,Others1.0,C2,8.57,ITA(I.T. Analyst),59,Others1-Parent,TCS - Bangalore,TCS - Bangalore,India,,"Workplace Safety and Insurance Board, Canada",Employee, ,CC,2020-02-29,,8458048820
534145,Ms. Totakura Krishnaveni,Available,.Net,89,IS-Hi-Tech1.5-Group5,C2,8.53,ITA(I.T. Analyst),12,IS-Hi-Tech1-Parent,TCS - Bangalore,TCS - Bangalore,India,,PricewaterhouseCoopers LLP,Employee, ,CC,2020-01-31,,8095444869
534964,Ms. T Swathi,Available,SFDC,39,Others1.0,C2,8.52,ITA(I.T. Analyst),38,Others1-Parent,TCS - Bangalore,TCS - Bangalore,India,,SVB Financial Group,Employee, ,CC,2020-03-21,,9164507017
535778,Ms. Veena Nagarajappa,Available,EIS : MAXIMO Functional,7,EIS1.0,C2,8.51,ITA(I.T. Analyst),6,EIS1-Parent,TCS - Bangalore,TCS - Bangalore,India,,Rolls-Royce plc,Employee, ,CC,2020-04-22,,7899706759
539362,Ms. Aruna Majeti,Available,BIPM : Teradata,88,Others1.0,C2,8.44,ITA(I.T. Analyst),12,Others1-Parent,TCS - Bangalore,TCS - Bangalore,India,,"VMware, Inc.",Employee, ,CC,2019-06-24,Earned Leave,8885202613
541438,Ms. Jyothi D,Available,PLSQL,56,Others1.0,C2,8.48,ITA(I.T. Analyst),55,Others1-Parent,TCS - Bangalore,TCS - Bangalore,India,,Personal Accounts Delivery Authority,Employee, ,CC,2020-03-04,,7406457159
550918,Ms. Shashikala M.G,Available,"Angular,HTML,CSS,Javascript",37,IS-BFSI-US West 1.2-Group2,C2,8.26,ITA(I.T. Analyst),14,IS-BFSI-US West-Parent,TCS - Bangalore,TCS - Bangalore,India,,U.S. Bank National Association,Employee, ,CC,2020-03-22,,9845614149
587174,Ms. Manepalli Swetha,Available,Java/J2EE,88,Others1.0,C2,7.32,ITA(I.T. Analyst),12,Others1-Parent,TCS - Bangalore,TCS - Bangalore,India,,Nordea Bank Abp,Employee, ,CC,2019-03-08,,8985825123
594130,Ms. Sravanthi Rebba,Available,Core Java,28,CMI NA Media TR & Refinitive,C2,7.62,ITA(I.T. Analyst),14,CMI NA Media Parent,TCS - Bangalore,TCS - Bangalore,India,,REFINITIV US LLC,Employee, ,CC,2020-03-31,Flexi Holiday,918050558236
594714,Ms. Muthamma K G,Available,"Manual testing,automation",96,Others1.0,C2,7.63,ITA(I.T. Analyst),12,Others1-Parent,TCS - Bangalore,TCS - Bangalore,India,,"J. P. Morgan Chase Bank, National Association",Employee, ,CC,2020-01-24,,91-9945944851
598278,Ms. Abirami A,Available,JAVA,22,Others1.0,C2,7.17,ITA(I.T. Analyst),12,Others1-Parent,TCS - Bangalore,TCS - Bangalore,India,,LCH Ltd,Employee, ,CC,2019-05-31,,7708843977
663280,Ms. Bhaanu Sraavani Kapalavai,Available,Automation Tester,23,Others1.0,C2,7.14,ITA(I.T. Analyst),22,Others1-Parent,TCS - Bangalore,TCS - Bangalore,India,,American Airlines Inc.,Employee, ,CC,2020-04-06,,8939267275
667680,Ms. Bolagani Ramsree,Available,java ,68,Others1.0,C2,7.86,ITA(I.T. Analyst),67,Others1-Parent,TCS - Bangalore,TCS - Bangalore,India,,PayPal Inc.,Employee, ,CC,2020-02-21,,9742371598
667725,Ms. Sonali Jain,Available,Web Application Programming,45,Others1.0,C2,7.08,ITA(I.T. Analyst),12,Others1-Parent,TCS - Bangalore,TCS - Bangalore,India,,CISCO SYSTEMS INC.,Employee, ,CC,2019-08-06,Flexi Holiday,7000749561
668587,Ms. Vyshnavi Bhumireddy,Available,Salesforce testing,76,Others1.0,C2,7.24,ITA(I.T. Analyst),12,Others1-Parent,TCS - Bangalore,TCS - Bangalore,India,,Thomson Reuters Holdings Inc,Employee, ,CC,2019-04-30,,7845069989
670555,Ms. Kaumudi Tripathi,Available,Core Java,13,Enterprise Application Services - SAP,C2,7.4,ITA(I.T. Analyst),6,Enterprise Application Services (IOU),TCS - Bangalore,TCS - Bangalore,India,"DV-Brazil,SCHENGEN-Netherlands",Astellas US LLC,Employee, ,CC,2020-04-16,,8375896490
677197,Ms. Bindushree G,Available,"Core java,JSON,JavaScript",29,IS-BFSI-UK 1.2-Group2,C2,7.48,ITA(I.T. Analyst),28,IS-BFSI-UK 1-Parent,TCS - Bangalore,TCS - Bangalore,India,,NATIONAL WESTMINSTER BANK plc,Employee, ,CC,2020-03-31,,8150047180
677238,Ms. Pooja Nagaraj,Available,JAVA,41,IS-BFSI-Europe NW 1.5-Group5,C2,7.48,ITA(I.T. Analyst),22,IS-BFSI-Europe NW-Parent,TCS - Bangalore,TCS - Bangalore,India,,Nordea Bank Abp,Employee, ,CC,2020-03-19,,8880343442
677596,Ms. Namitha Gm,Available,Advanced Java and Testing,117,Others1.0,C2,7.4,ITA(I.T. Analyst),116,Others1-Parent,TCS - Bangalore,TCS - Bangalore,India,,Aviva Central Services UK Limited,Employee, ,CC,2019-12-31,,9986672491
680271,Ms. Priya Tripathi,Available,.Net Application support,63,Others1.0,C2,7.31,ITA(I.T. Analyst),74,Others1-Parent,TCS - Bangalore,TCS - Bangalore,India,,U.S. Bank National Association,Employee, ,CC,2020-02-14,,8793317700
682312,Ms. Ashwini Tadakod,Available,"Java, SQL",45,Others1.0,C2,7.52,ITA(I.T. Analyst),12,Others1-Parent,TCS - Bangalore,TCS - Bangalore,India,,"Apple,  Inc.",Employee, ,CC,2019-05-31,,6364506750
711908,Ms. Anjali C. V,Available,"Java, Informatica, Micrrostrategy",23,CBO1.2,C2,7.79,ITA(I.T. Analyst),22,CBO1-Parent,TCS - Bangalore,TCS - Bangalore,India,,American Express Travel Related Services,Employee, ,CC,2019-08-19,Earned Leave,7025911984
729702,Ms. Niharika Inavolu,Available,Agile PLM Java,84,Others1.0,C2,6.66,ITA(I.T. Analyst),50,Others1-Parent,TCS - Bangalore,TCS - Bangalore,India,,Unspecified,Employee, ,CC,2018-06-30,,91-9901502287
735162,Ms. Swathi Chaganti,Available,"Manual testing, API testing,",29,IS-BFS7-ANZ 1.3-Group3,C2,6.15,ITA(I.T. Analyst),28,IS-BFS7-Parent,TCS - Bangalore,TCS - Bangalore,India,,MLC Limited,Employee, ,CC,2020-03-31,,8309004766
735347,Ms. Kiran Kumari,Available,JAVA,25,Retail CPG and TTH BG Cluster 1.0,C2,6.11,ITA(I.T. Analyst),24,CL-RetTTH,TCS - Bangalore,TCS - Bangalore,India,,Unspecified,Employee, ,CC,2020-04-04,,8981024458
832665,Ms. Swati Vijayvargiya,Available,Foundation : JavaScript,52,Others1.0,C2,5.81,ITA(I.T. Analyst),26,Others1-Parent,TCS - Bangalore,TCS - Bangalore,India,,Delphi Automotive Systems Pvt. Ltd,Employee, ,CC,2020-03-04,,7096550102
861983,Ms. Eduru Sri Lakshmi Lavanya,Available,"core Java, Spring framework, jboss side",64,Others1.0,C2,5.62,ITA(I.T. Analyst),12,Others1-Parent,TCS - Bangalore,TCS - Bangalore,India,,Aviva Central Services UK Limited,Employee, ,CC,2019-06-19,Sick Leave,7760367185
894941,Mr. Balamurali Parthasarathi,Available,PROD. SUPPORT,29,IS-BFSI-US West 1.2-Group2,C2,9.06,ITA(I.T. Analyst),28,IS-BFSI-US West-Parent,TCS - Bangalore,TCS - Bangalore,India,,American Express Travel Related Services,Employee, ,CC,2020-03-31,,9972999059
930211,Mr. Simson Dan F,Available,Mainframeas developer ,29,Others1.0,C2,4.91,ITA(I.T. Analyst),24,Others1-Parent,TCS - Bangalore,TCS - Bangalore,India,,"AVIS BUDGET CAR RENTAL, LLC.",Employee, ,CC,2020-03-31,,9487469089
970759,Ms. Madhumitha Sivaramakrishnan,Available,Salesforce Technical - Declarative Development,9,CBO1.1,C2,4.66,ITA(I.T. Analyst),8,CBO1-Parent,TCS - Bangalore,TCS - Bangalore,India,,REFINITIV US LLC,Employee, ,CC,2020-04-20,,9952021038
985101,Mr. Pardhasaradhi U,Available,TIBCO Adminstrator,29,CBO1.2,C2,9.48,ITA(I.T. Analyst),15,CBO1-Parent,TCS - Bangalore,TCS - Bangalore,India,,DEUTSCHE BANK AG,Employee, ,CC,2020-03-31,,8123375644
987364,Mr. Arijit Sanyal,Available,Jboss Fuse/Java,60,IS-BFSI-UK 2.1-Group1,C2,4.64,ITA(I.T. Analyst),33,IS-BFSI-UK 2-Parent,TCS - Bangalore,TCS - Bangalore,India,,Aviva Central Services UK Limited,Employee, ,CC,2020-02-29,,8001668815
989906,Ms. Chandra Harika Joggireddy,Available,Selenium and Java,35,Others1.0,C2,4.72,ITA(I.T. Analyst),34,Others1-Parent,TCS - Bangalore,TCS - Bangalore,India,,Symcor Inc.,Employee, ,CC,2020-03-25,,6309274939
998150,Mr. Abhiram Kakarla,Available,automobile designing,59,EIS1.0,C2,4.52,ITA(I.T. Analyst),12,EIS1-Parent,TCS - Bangalore,TCS - Bangalore,India,,Nissan Motor Co. Ltd.,Employee, ,CC,2020-03-01,,9494057407
