Employee_Number,Employee_Name,Skills_Set,Contact_Number
160798,Ms. Anitha L.S,MS Excel,919900596236
544015,Mr. Padmakumar B,"UNIX, Oracle, SQL",6369958690
545574,Mr. B.S Adarsha,SAP BASIS,9538023579
549223,Ms. Archana T.S,"SAP SD, Test lead",9663267061
549521,Ms. Smriti Kanoujia,PMO/Project Manager,8953904167
552428,Ms. Shambhavi V S N,Manual Testing,9538686328
554490,Ms. Shriya Agrawal,"Manual testing, RPA",7999305998
554558,Ms. Jyotsna Latthe,"Unigraphics, Modelling, Drafting",8105376663
557102,Mr. Deepak Pandey,PL/SQL,9883202501
557814,Mr. Amit Keshri,informatica,8050275224
559576,Ms. Priyanka Ambati,"PM, Product Owner,  Business Analysis",9739699711
569298,Mr. Adil Ahmed,"Catia v5,UGNX,Ross",9620627640
575924,Mr. Murali Krishnan,EIS : AutoCAD,9342893454
585710,Ms. Astha Amla,Manual testing,7705011168
588534,Ms. Priyadurga K,"Ab Initio/ PLSQL, ORACLE",9940457612
588613,Ms. Maria Priyadharshini P,Manual Testing ( Web Application Testing),9500153506
593253,Mr. Abhishek Nayak,Oracle DBA,9002853110
594307,Mr. Rohit Biradar,EIS : Value Engineering,8050828323
594927,Ms. Manju Krishnamoorthy,JSP / Servlet / JSTL,+91 9095787515
594958,Ms. Nagajothi Perumal,ML TILL 26-MAY-2020,8940176154
596729,Ms. N Rohini,Oracle Hyperion Planning,9943637242
597708,Ms. Divyapriya Selvam,"PMO, System Admininstrator",8892627781
598069,Mr. Abhinandan Kumar,Assurance : Manual Testing Processes and Management,9163092835
598625,Ms. Sasi M,JSP / Servlet / JSTL,8072429374
598668,Ms. Gurusankari Selvaraj,Web Application Manual testing,7708817135
599088,Ms. Magaishwarya M,Manual Testing,9566186776
660826,Ms. Mahalakshmi V,Manual testing,9886071082
661469,Ms. Preethi P,manual testing,8870638011
662026,Ms. Garima Khandelwal,Assurance : Performance Engineering,8007532873
662789,Ms. Srihitha Y,"SAS(Pri),Unix(Sec)",9176942847
663959,Mr. Palaparthi Rohita Krishna Vamsi,"Team center,PLM",8147556398
665236,Mr. Akash Gowda,QA,8197290924
666429,Ms. Harsha Soni,Oracle Apps - Technical,7382282963
667716,Mr. Goolappa Kaldigi,Oracle PLSQL ,9840312673
668201,Ms. Maddi Swetha,Manual testing ,8189890896
669574,Ms. Smruthi T,MANUAL TESTING,
669661,Ms. Yasaswini Bommisetty,Microsoft SQL Server 2016,6305132362
670233,Ms. Bala Sashi Kala,"Windows, Application Support",9620833462
672351,Mr. Prateek Sollapur,Program manager,919738530834
673969,Ms. Jayalaxmi Nayak,Manul testing,8093239572
674993,Ms. Lakshmi M,Assurance : ERP/CRM Testing - Performance Testing Oracle,9743004968
675693,Ms. Anju C,"Reporting tools IBM Cognos,SAP BO",8792478549
676010,Ms. Ellora Bal,HP Quality Center (Mercury),9040594904
677176,Ms. Prasanthi Kondapaturi,"Unix,PLSQL",8867829858
678265,Ms. Vidhyashree H,Software Testing ,9980615599
678416,Ms. Nishitha M,to be tracked,8971737681
678442,Ms. Komal Jadhav,PL/SQL,9742911794
678809,Ms. Pritu Tandon,Unix Internals / IPC,9739771979
679378,Ms. Shilpa Panigrahi,,8249500129
679498,Ms. Kadaba Deepika,"PLSQL<UNIX,PROC",9060369990
680125,Mr. Kiran S,SAS development,7845106579
684584,Ms. Anitta Tom,Manual Testing,919400087029
685181,Mr. Anna Manjunath,SAP BW/BI/HANA,918867513665
685600,Ms. Bhagyashri .,to be tracked,7795155706
686070,Ms. Sumalatha Kc,EIS : Unigraphics NX,9964511862
696073,Ms. Kavitha Sharma,"PROJECT MGMT SAS, ANALYTICS, R",9972882766
730120,Ms. Murapaka Sravani,"DellBoomi, Cloud integration",9611182063
730398,Ms. Kumari Venkatesh,EIS : New Product Development (NPD) Methodology and Management,7406736453
730729,Ms. Sheelufur Chakrayapeta,Bigdata,8197091326
731327,Ms. Arpita Patra,Peoplesoft,8951130774
731530,Ms. Shilpi Kumari,"Oracle access manager, AWS manager",9798686614
732005,Ms. Bagyalakshmi Sethuramalingam,SQL Server 2005,9008688993
734015,Ms. Swati Sharma,Tableau Visualization,9818278792
734300,Ms. Akkamahadevi Hammigi,manual testing,9619110595
735547,Ms. Yaghini Uthaman,Environment Mgmt/PM/Lean six sigma,+91 9600183133
736520,Ms. Shruthi Sarovarath Ravi,RMG-HR,8722025652
737685,Ms. Shazma Khan,Unix Shell Scripting and text processing tools,9795515848
738415,Ms. Saranya B,"Software system,Unit testing",9003821020
738827,Ms. Divyanshu Mishra,AWS,9513070782
739047,Ms. Parvathy Neelakandhan,SQL Server 2012 Integration Services  (SSIS),9739036310
739327,Mr. Shravan Kumar P,Aero design ,9663421123
740184,Ms. Pavithra G,C# ,9108880267
741228,Mr. Nikesh N Bharathan,to be tracked,4168324998
741403,Mr. Karthik Kedlaya,PLM,9591264300
741421,Mr. Pradeep C,"Unigraphics ,PLM team centre ",9535000057
742204,Ms. Sudharani Bilagi,Unix Shell Scripting and text processing tools,9892640869
742943,Ms. Sahana Cn,"SQL, SSIS, SSMS, SSRS",9535682692
756966,Mr. Dilip Puttaramaiah,SAP Basis ,9066779918
757024,Mr. Naveen  M,"informatica power centre, informatica BDM",9789255954
757408,Mr. Sankar Ram H,Creo,8893126271
758791,Mr. Nidhin Chandran,UGNX,
759808,Mr. Darshan Bk,Splunk ,9980464649
760379,Mr. Mahesha L,EIS : CATIA V5,7411890301
760391,Mr. Sudheer Pandey,Unix / Linux Basics and Commands,7987160811
761166,Mr. Harish R,"creyo,solid modling,sheet metal modling,",8951675631
762923,Mr. Jithin George,EIS : Unigraphics NX,9495346307
763020,Mr. Dhananjay Shenoy,PL/SQL,8593989045
764159,Mr. Vijaykumar .,UGMX,9952073866
772809,Ms. Uthra  C,MANUAL TESTING,9884387638
780351,Ms. Vijayashree Doddamani,Medical Device compliance,9886693155
796758,Mr. Vijaya Halagatti,"SAP MM,catiA,UG,Design",9686194046
826213,Mr. Dinesha S J,MF Engineer,9844690671
829216,Ms. Swati A P,"Bigdata. Hadoop, Spark",919500151095
830186,Mr. Sangmesh Dharane,EIS : Automotive Body Engineering,8147924087
831963,Mr. Thanseeh B H,PL/SQL,7709008524
832892,Mr. Busireddy Subramanyam Reddy,"tablaue,PMO",8050972492
832966,Mr. Eragamreddy Reddy,Hyperion - Planning,91-8123305515
836700,Ms. Nithya A,"informatica powercenter,SQL DBA",9972300976
836824,Mr. Lingeswaran R,"catia v5,UGNX",9663143853
840363,Ms. Huma Siddiqui,"CRM Siebel + SQL (3 yr), RPA Blueprism (6 month), Python (3 month)",7899606581
841299,Ms. Saranya T,Manual testing,9003414488
847537,Mr. Maybin Michael,"Systems engineering,discrete event simulation",9448463036
849889,Ms. Rashmi D,Manual Testing,9449417891
851534,Ms. Ramya Kb,"Basic knowledge of Selenium , Manual Tester previously - Worked as a Team lead",9901934915
852164,Ms. Nandini Onkar,"Release mgt, Change and transition management",9980492467
858232,Mr. Shadab Ansari,Infra & Data Security Management,9663807766
870475,Ms. Neha Verma,Ab Initio,9945264664
874760,Mr. Kiran Narayana,SAP security,9986010870
874763,Mr. Albert Hs,Desktop Support,6364406126
876008,Ms. Vidhya Subramani,to be tracked,9886839996
886184,Ms. Muthulakshmi Arumugam,C# ,9148546932
886510,Ms. Kalai Selvi R,Digital Content Management,7639520361
892702,Ms. Sangeeta Thavamani,SAP SG ,9008805522
911474,Ms. Krupalini Halanayak,Project Management,9902056898
916711,Mr. Nafsal Ck,Windows  Patching,7406638901
929714,Mr. Utkarsh Pawar,Manual and Database Testing,7406323136
964124,Mr. Shivaraja An,TCS MasterCraft Application Life Cycle Manager,8762053623
965357,Ms. Swarnamayee Mandagondi,EIS : Unigraphics NX,9652171224
965524,Ms. Sahana Viswanathan,"Functional testing - RMS,SQL,Unix",9486182132
971374,Mr. Sidlingappa .,PLM Teamcenter,9731777035
973137,Ms. Plabanee Panda,"HTML5, CSS3, Bootstrap 4",9937410219
973660,Mr. Manu Shahdeo,"Data Analytics, Machine Learning, Python, SAS, SQL, Tableau, Excel",8147295695
973991,Mr. Vinay Gv,rohs,9845527461
976848,Mr. Hariharasudhan Nl,Machine Learning,9843551502
998590,Ms. Mathivathani Dp,to be tracked,8015743293
