Employee_Number,Employee_Name,Skills_Set,Contact_Number,Years_of_Exp.,Base_Branch,Bangalore_AssignedDM,Kochi_AssignedDM,Chennai_AssignedDM
1545693,Ms. Sayanna Datta,Core Java,8971888847,6.12,TCS - Bangalore,Harish,Jyothis,Harish
545220,Ms. Nirmala V,"RUBY ON RAILS, TESTING MANUAL, API",9916100520,8.35,TCS - Bangalore,Harish,Jyothis,Harish
584177,Ms. Rahulya Mayalagu,AEM developer,9994767373,7.64,TCS - Bangalore,Harish,Harish,Harish
586600,Ms. Priya Wankhede,Asp.net C#,9405519451,7.38,TCS - Bangalore,Ajo,Ajo,Ajo
591781,Ms. Nishanthi Krishnamurthy,etl database manual accessibility testing,9176728447,7.12,TCS - Bangalore,Srini,Srini,Srini
598925,Mr. Raviprakash Mishra,"Team Lead, Team Management,Microsoft Power BI, Tableau,Financial Modeling,Derivatives,Strategic Management,Java/Python-Selenium, HP-ALM, JIRA, Rational Quality Mangement (RQM), Clear Quest, AMDOCS (ICM and V21-CSM)",8940279022,7.17,TCS - Bangalore,Harish,Jyothis,Harish
667969,Ms. Soundaria Kamatchi Chockalingam,"Mainframes, JCL, COBOL, DB2",9659654355,7.26,TCS - Bangalore,Bhuvanesh,Bhuvanesh,Bhuvanesh
670446,Ms. Nsn Pranathi,Mainframe Testing,8019943860,7.89,TCS - Bangalore,Bhuvanesh,Bhuvanesh,Bhuvanesh
671792,Ms. Jeevitha G,ETL Testing,8681020550,7.12,TCS - Bangalore,Srini,Srini,Srini
732386,Ms. Asha S,Robotic Process Automation,9480022485,6.38,TCS - Bangalore,Hemali,Jyothis,Hemali
733396,Ms. Sreelakshmi S,pl sql java,8086948108,6.51,TCS - Bangalore,Harish,Jyothis,Harish
733919,Ms. Vidya Barigidad,"asp.Net, MS SQL",7259176802,6.34,TCS - Bangalore,Ajo,Ajo,Ajo
753724,Mr. Amandeep Takhi,"Angular, Javascript, Typescript, HTML5/ CSS3",9988715058,6.63,TCS - Bangalore,Harish,Jyothis,Harish
753837,Mr. Basavaraj Hiremath,"SQL,STML,CSS,C SHOP,DOT NET",9481348192,6.34,TCS - Bangalore,Ajo,Ajo,Ajo
757121,Mr. Syed Ameeruddin,"QA java script, node js, ML, python",9566576663,6.12,TCS - Chennai,Harish,Jyothis,Harish
757318,Ms. Madhurima M," Informatica  , SQL  ,  Unix , Control -M, Oracle, Teradata  , MS-SqlServer  (ETL developer, Have a canada PR, Looking for Canada based project)",8105307220,6.15,TCS - Bangalore,Srini,Srini,Srini
787610,Ms. Aluvala Naga Kiranmayee,Mainframes,8919960973,6.77,TCS - Bangalore,Bhuvanesh,Bhuvanesh,Bhuvanesh
845869,Mr. Dineshbabu Kanagaraj,"catiav5,ui graphics,aerospace sheet metal design",919524420631,5.84,TCS - Bangalore,Ravi,Jyothis,Ravi
849827,Ms. Manasa Gunjavore,Core Java,9164022846,5.87,TCS - Bangalore,Harish,Jyothis,Harish
852710,Ms. Varsha Hr,".net,sql,unix",8088353544,5.87,TCS - Bangalore,Ajo,Ajo,Ajo
859286,Ms. Rutabari Acharya,"ManuAL , Automation & ETL",9886398248,5.54,TCS - Bangalore,Hemali,Jyothis,Hemali
